sampleID	chr	pos	ref	mut
case_1	1	16996	T	C
case_1	1	888988	G	C
case_1	1	923251	A	T
case_1	1	1312037	C	A
case_1	1	1323963	C	A
case_1	1	2038425	T	A
case_1	1	2195778	G	A
case_1	1	2394800	C	A
case_1	1	2691558	G	T
case_1	1	3495416	G	T
case_1	1	3495457	C	T
case_1	1	3495460	C	T
case_1	1	3598491	A	G
case_1	1	3633510	AAC	A
case_1	1	4179279	A	C
case_1	1	4283548	A	C
case_1	1	4306510	C	A
case_1	1	4524689	T	G
case_1	1	4592840	T	C
case_1	1	4635171	TA	T
case_1	1	4638919	T	G
case_1	1	4677790	T	C
case_1	1	4812540	T	C
case_1	1	4813097	C	G
case_1	1	4825005	T	G
case_1	1	4848572	T	G
case_1	1	4895088	C	CTA
case_1	1	4895090	C	A
case_1	1	5094530	GT	G
case_1	1	5239768	A	T
case_1	1	5339499	G	A
case_1	1	5672355	T	C
case_1	1	5798557	C	A
case_1	1	5798558	T	C
case_1	1	5879448	T	G
case_1	1	5896407	G	A
case_1	1	6076157	C	G
case_1	1	6155551	C	A
case_1	1	6787367	G	T
case_1	1	6983716	G	A
case_1	1	7091755	A	T
case_1	1	7178521	T	TA
case_1	1	7388012	G	GT
case_1	1	8008830	CCAAGGGAGTTCAATTCCTGAGA	C
case_1	1	8009141	G	T
case_1	1	8196192	C	T
case_1	1	8950357	C	CT
case_1	1	8988633	C	A
case_1	1	9605706	G	T
case_1	1	9699640	G	T
case_1	1	10083867	C	T
case_1	1	10831044	T	C
case_1	1	11566409	C	CT
case_1	1	11588773	G	A
case_1	1	11985030	A	G
case_1	1	12081824	A	G
case_1	1	12193625	C	T
case_1	1	12385136	T	A
case_1	1	12494709	C	A
case_1	1	12926846	G	T
case_1	1	13181271	G	C
case_1	1	13767206	C	A
case_1	1	13809417	T	G
case_1	1	13876924	T	C
case_1	1	14089419	G	A
case_1	1	14328269	G	A
case_1	1	14361913	A	C
case_1	1	14762616	T	G
case_1	1	14764093	G	A
case_1	1	14788676	T	C
case_1	1	14869175	G	C
case_1	1	14966675	T	G
case_1	1	15013379	C	T
case_1	1	15065605	T	G
case_1	1	15218392	G	A
case_1	1	15272838	C	CT
case_1	1	15582933	G	C
case_1	1	15713345	CT	C
case_1	1	15940508	T	A
case_1	1	16309023	C	CA
case_1	1	16840599	T	C
case_1	1	16947862	C	T
case_1	1	17200024	G	C
case_1	1	17542320	A	T
case_1	1	17769003	AT	A
case_1	1	17824287	C	CT
case_1	1	17933110	T	A
case_1	1	18131882	T	C
case_1	1	18186968	AT	A
case_1	1	18842901	G	A
case_1	1	19149006	T	G
case_1	1	19867722	G	T
case_1	1	19979467	T	A
case_1	1	21518369	T	G
case_1	1	23655283	G	T
case_1	1	24115627	A	G
case_1	1	24667761	C	T
case_1	1	24831722	C	A
case_1	1	25246705	CT	C
case_1	1	25918390	AT	A
