"Misc","mutation_type","chr","location","patientID","variantID","cluster","is.driver","is.clonal","CCF","group"
"AH_061_APC_APC_chr5","CATC","chr5","112154896","AH_061","APC",1,TRUE,TRUE,"AH_061_D_T:1;AH_061_CII_T:0.93;AH_061_CI_T:0.87","BE+ve"
"AH_061_ARID2_ARID2_chr12","AAG","chr12","46245506","AH_061","ARID2",6,TRUE,FALSE,"AH_061_D_T:0;AH_061_CII_T:0.35;AH_061_CI_T:0.61","BE+ve"
"AH_086_MUC6_MUC6_chr11","GAGAG","chr11","1016197","AH_086","MUC6",6,TRUE,FALSE,"AH_086_1AIIT_T:0;AH_086_CIII_T:0;AH_086_E_T:0.26;AH_086_D_T:0","BE+ve"
"AH_100_ARID1A_ARID1A_chr1","GCG","chr1","27087442","AH_100","ARID1A",1,TRUE,TRUE,"AH_100_1EI_T:1;AH_100_1F_T:1;AH_100_1DI_T:1;AH_100_1DII_T:1","BE+ve"
"AH_111_ARID1A_ARID1A_chr1","CTC","chr1","27057897","AH_111","ARID1A",1,TRUE,TRUE,"AH_111_1DII_T:0.44;AH_111_1CII_T:0.52;AH_111_1J_T:0.78;AH_111_1CI_T:0.36;AH_111_1DI_T:0.64","BE+ve"
"AH_111_STK11_STK11_chr19","GCG","chr19","1221313","AH_111","STK11",1,TRUE,TRUE,"AH_111_1DII_T:0.6;AH_111_1CII_T:0.14;AH_111_1J_T:1;AH_111_1CI_T:0;AH_111_1DI_T:0.78","BE+ve"
"AH_169_APC_APC_chr5","GGA","chr5","112175951","AH_169","APC",3,TRUE,FALSE,"AH_169_1DLI_T:0.27;AH_169_1CL_T:0.59","BE+ve"
"AH_248_ARID2_ARID2_chr12","AAG","chr12","46287288","AH_248","ARID2",3,TRUE,FALSE,"AH_248_GIII_T:1;AH_248_GII_T:0","BE+ve"
"AH_252_MUC6_MUC6_chr11","GAGAG","chr11","1016197","AH_252","MUC6",1,TRUE,TRUE,"AH_252_11F_T:1.64;AH_252_11EII_T:1.35;AH_252_11D_T:1.51;AH_252_11C_T:1.69","BE+ve"
"AH_277_TP53_TP53_chr17","TGT","chr17","7578515","AH_277","TP53",1,TRUE,TRUE,"AH_277_FII_T:1;AH_277_1GII_T:1;AH_277_1GI_T:1;AH_277_C_T:0.77","BE+ve"
"AH_282_SCN3A_SCN3A_chr2","CTTGTTCCTTC","chr2","166032781","AH_282","SCN3A",4,TRUE,FALSE,"AH_282_FII_T:0.41;AH_282_E_T:0.41;AH_282_FI_T:0","BE+ve"
"AH_374_MET_MET_chr7","CAAATGTGTGCGATCGGAGGAATGCCTGAGCGGGACAC","chr7","116381007","AH_374","MET",4,TRUE,FALSE,"AH_374_A9_T:0.14;AH_374_A8I_T:0.17;AH_374_A11_T:0.11","BE+ve"
"AH_408_ARID1A_ARID1A_chr1","CCA","chr1","27088786","AH_408","ARID1A",4,TRUE,FALSE,"AH_408_3L_T:0;AH_408_A3RII_T:0;AH_408_A4I_T:0;AH_408_A3RI_T:0;AH_408_A4II_T:0.77","BE+ve"
"AH_408_PCDH17_PCDH17_chr13","CGGAGGAGCAAGGC","chr13","58206757","AH_408","PCDH17",4,TRUE,FALSE,"AH_408_3L_T:0;AH_408_A3RII_T:0.03;AH_408_A4I_T:0;AH_408_A3RI_T:0;AH_408_A4II_T:0.21","BE+ve"
"AH_414_TP53_TP53_chr17","AAG","chr17","7579419","AH_414","TP53",1,TRUE,TRUE,"AH_414_A2RII_T:1;AH_414_A2RI_T:0.89;AH_414_A2R_T:1","BE+ve"
"AH_418_B2M_B2M_chr15","GGGT","chr15","45007620","AH_418","B2M",5,TRUE,FALSE,"AH_418_A5L_T:0;AH_418_A3_T:0.27;AH_418_A7R_T:0;AH_418_A7L_T:0;AH_418_A6R_T:0;AH_418_A5R_T:0","BE+ve"
"AH_418_TP53_TP53_chr17","GAGCAGCCTCTGGCATTCTGGGAG","chr17","7579476","AH_418","TP53",1,TRUE,TRUE,"AH_418_A5L_T:0.69;AH_418_A3_T:0.76;AH_418_A7R_T:0.83;AH_418_A7L_T:0.48;AH_418_A6R_T:0.63;AH_418_A5R_T:0.87","BE+ve"
"AH_450_TP53_TP53_chr17","CTC","chr17","7576889","AH_450","TP53",1,TRUE,TRUE,"AH_450_A5I_T:1;AH_450_A5II_T:1;AH_450_A4_T:0.97;AH_450_A3I_T:1","BE+ve"
"AH_464_ARID1A_ARID1A_chr1","CCCGCCGCCGCCAGCAGCCTGGGCAACCCGC","chr1","27022913","AH_464","ARID1A",7,TRUE,FALSE,"AH_464_5_T:0.7;AH_464_4I_T:0;AH_464_3_T:0.25;AH_464_4II_T:0.36;AH_464_6II_T:0","BE+ve"
"AH_464_MBD6_MBD6_chr12","GGAATTGGTTGGGATGGCTCCGGGAGAGAAAAGGGTTGGGGGAC","chr12","57919887","AH_464","MBD6",5,TRUE,FALSE,"AH_464_5_T:0.11;AH_464_4I_T:0.11;AH_464_3_T:0.12;AH_464_4II_T:0.06;AH_464_6II_T:0.22","BE+ve"
"AH_489_MUC6_MUC6_chr11","TTG","chr11","1017251","AH_489","MUC6",1,TRUE,TRUE,"AH_489_A4RII_T:0.87;AH_489_A4L_T:0.77;AH_489_A4RI_T:1","BE+ve"
"AH_545_ARID1A_ARID1A_chr1","CTAC","chr1","27094454","AH_545","ARID1A",1,TRUE,TRUE,"AH_545_A6L_T:1;AH_545_A7L_T:1;AH_545_A5R_T:1;AH_545_A6R_T:1;AH_545_A5L_T:0.78","BE+ve"
"AH_637_RNF43_RNF43_chr17","TGT","chr17","56439934","AH_637","RNF43",1,TRUE,TRUE,"AH_637_5II_T:1;AH_637_5I_T:0.97;AH_637_3_T:0.9;AH_637_4_T:0.79","BE+ve"
"ED_082_MBD6_MBD6_chr12","TTGGGGACACAGTGTGGAACATTTG","chr12","57919234","ED_082","MBD6",4,TRUE,FALSE,"ED_082_KII_T:0;ED_082_KI_T:0.75;ED_082_J_T:0","BE+ve"
"ED_136_ELF3_ELF3_chr1","TTCT","chr1","201981195","ED_136","ELF3",1,TRUE,TRUE,"ED_136_MII_T:1;ED_136_K_T:0.89;ED_136_MI_T:1.3;ED_136_I_T:0.63;ED_136_J_T:0.98","BE+ve"
"ED_136_TP53_TP53_chr17","GTTAG","chr17","7577564","ED_136","TP53",1,TRUE,TRUE,"ED_136_MII_T:1;ED_136_K_T:0.82;ED_136_MI_T:0.77;ED_136_I_T:0.42;ED_136_J_T:0.68","BE+ve"
"ED_143_CDKN2A_CDKN2A_chr9","CGCCGCCGC","chr9","21974812","ED_143","CDKN2A",1,TRUE,TRUE,"ED_143_L_T:1;ED_143_I_T:1;ED_143_N_T:1;ED_143_MII_T:1;ED_143_F_T:1","BE+ve"
"ED_147_CDKN2A_CDKN2A_chr9","CCATC","chr9","21971195","ED_147","CDKN2A",1,TRUE,TRUE,"ED_147_KII_T:0.75;ED_147_H_T:1;ED_147_JII_T:1;ED_147_L_T:1;ED_147_JIII_T:1","BE+ve"
"NT_076_MUC6_MUC6_chr11","TAAGT","chr11","1016370","NT_076","MUC6",1,TRUE,TRUE,"NT_076_A7_T:1;NT_076_A4_T:1;NT_076_A5II_T:0.62;NT_076_A5I_T:1;NT_076_A6I_T:1","BE+ve"
"NT_278_CDKN2A_CDKN2A_chr9","AGAGAGAACAGAATGGTA","chr9","21971213","NT_278","CDKN2A",5,TRUE,FALSE,"NT_278_6I_T:0.32;NT_278_5_T:0;NT_278_4I_T:0;NT_278_3_T:0;NT_278_6II_T:0","BE+ve"
"NT_278_COIL_COIL_chr17","TTGTTCCAGAGGTCTTGCCCTTGCTGCGGGTTTCTTAAAGACAGTAGGCCTTTTTGCAGGAAGAGGTC","chr17","55027667","NT_278","COIL",8,TRUE,FALSE,"NT_278_6I_T:0.28;NT_278_5_T:0;NT_278_4I_T:0;NT_278_3_T:0.18;NT_278_6II_T:0.13","BE+ve"
"NT_278_TP53_TP53_chr17","AAG","chr17","7579419","NT_278","TP53",1,TRUE,TRUE,"NT_278_6I_T:1;NT_278_5_T:1;NT_278_4I_T:1;NT_278_3_T:0.94;NT_278_6II_T:1","BE+ve"
"NT_302_TP53_TP53_chr17","GTGAG","chr17","7577514","NT_302","TP53",1,TRUE,TRUE,"NT_302_5I_T:1;NT_302_7_T:0.95;NT_302_6I_T:1;NT_302_5II_T:1;NT_302_6II_T:0.91","BE+ve"
"PL_111_MUC6_MUC6_chr11","CCTTGG","chr11","1023998","PL_111","MUC6",2,TRUE,FALSE,"PL_111_HI_T:0.44;PL_111_iII_T:0.93;PL_111_iI_T:0.64;PL_111_G_T:0.68;PL_111_HII_T:0.15","BE+ve"
"PL_147_MUC6_MUC6_chr11","AGAGA","chr11","1016211","PL_147","MUC6",1,TRUE,TRUE,"PL_147_5FII_T:0.69;PL_147_5E_T:0.8;PL_147_5DII_T:0.86;PL_147_H_T:1.11;PL_147_G_T:0.7","BE+ve"
"PL_182_TP53_TP53_chr17","TCT","chr17","7577140","PL_182","TP53",1,TRUE,TRUE,"PL_182_F_T:0.84;PL_182_DI_T:0.7;PL_182_I_T:0.82;PL_182_E_T:0.7;PL_182_GII_T:0.67;PL_182_HII_T:0.57","BE+ve"
"PL_199_CDKN2A_CDKN2A_chr9","GCTCCTCAGCCAGGTCCACGGGCAGACGGCCCCAGGCATCGCGCACGTCCAGCCGCGCCCCGGCCCGGTGCAGCACCAG","chr9","21970997","PL_199","CDKN2A",1,TRUE,TRUE,"PL_199_i_T:0.92;PL_199_FII_T:0.98;PL_199_H_T:0.83;PL_199_E_T:0.87;PL_199_GII_T:0.92;PL_199_D_T:1","BE+ve"
"PL_199_SMARCA4_SMARCA4_chr19","AATC","chr19","11141537","PL_199","SMARCA4",1,TRUE,TRUE,"PL_199_i_T:1;PL_199_FII_T:0.95;PL_199_H_T:0.98;PL_199_E_T:0.73;PL_199_GII_T:0.99;PL_199_D_T:0.98","BE+ve"
"PL_199_TP53_TP53_chr17","GCAGCG","chr17","7577040","PL_199","TP53",1,TRUE,TRUE,"PL_199_i_T:0.99;PL_199_FII_T:1;PL_199_H_T:1;PL_199_E_T:0.87;PL_199_GII_T:1;PL_199_D_T:0.93","BE+ve"
"QE_094_TP53_TP53_chr17","TAGGAGCTGCTGT","chr17","7579446","QE_094","TP53",1,TRUE,TRUE,"QE_094_7_T:0.78;QE_094_5_T:0.78;QE_094_18_T:2;QE_094_15_T:1;QE_094_12_T:1","BE+ve"
"QE_152_TSHZ3_TSHZ3_chr19","TTGGAGTGTGGGAGCTCGCATGACACCCTGCAGGAGCTCA","chr19","31769650","QE_152","TSHZ3",2,TRUE,FALSE,"QE_152_5_T:0.52;QE_152_11_T:0.72;QE_152_7_T:0.4","BE+ve"
"QE_173_EGFR_EGFR_chr7","AAGCAGCAAGAGGAGGGCCCCCAC","chr7","55240698","QE_173","EGFR",5,TRUE,FALSE,"QE_173_4_T:0;QE_173_7_T:0.17;QE_173_3II_T:0.32;QE_173_9_T:0.26;QE_173_5II_T:0.24","BE+ve"
"SH_233_MUC6_MUC6_chr11","GGAT","chr11","1018376","SH_233","MUC6",6,TRUE,FALSE,"SH_233_H_T:0.06;SH_233_E_T:0.1;SH_233_F_T:0;SH_233_D_T:0.07;SH_233_I_T:0.28","BE+ve"
"AH_213_ZFHX3_ZFHX3_chr16","GCCAG","chr16","72991712","AH_213","ZFHX3",5,TRUE,FALSE,"AH_213_DIII_T:0.09;AH_213_1C_T:0.1;AH_213_1F_T:0.15","BE-ve"
"AH_218_MUC6_MUC6_chr11","CTGC","chr11","1018417","AH_218","MUC6",1,TRUE,TRUE,"AH_218_2DLI_T:1;AH_218_2CL_T:1;AH_218_2DLII_T:1;AH_218_2DR_T:1","BE-ve"
"AH_218_TP53_TP53_chr17","GGGAGTCTTCCAGTGTGATGATGAT","chr17","7577501","AH_218","TP53",1,TRUE,TRUE,"AH_218_2DLI_T:0.75;AH_218_2CL_T:1;AH_218_2DLII_T:1;AH_218_2DR_T:1","BE-ve"
"AH_437_CDH1_CDH1_chr16","CTGAC","chr16","68847274","AH_437","CDH1",6,TRUE,FALSE,"AH_437_A9II_T:0.16;AH_437_A7I_T:0;AH_437_A5I_T:0;AH_437_A5II_T:0","BE-ve"
"AH_518_MUC6_MUC6_chr11","TGAGT","chr11","1016411","AH_518","MUC6",1,TRUE,TRUE,"AH_518_A7I_T:1.06;AH_518_A5_T:1.48;AH_518_A7II_T:0.44;AH_518_A6_T:1.27","BE-ve"
"AH_518_NAV3_NAV3_chr12","GCAA","chr12","78522558","AH_518","NAV3",1,TRUE,TRUE,"AH_518_A7I_T:0.83;AH_518_A5_T:0.6;AH_518_A7II_T:0.92;AH_518_A6_T:0.9","BE-ve"
"AH_518_TP53_TP53_chr17","TCGTCCT","chr17","7579541","AH_518","TP53",1,TRUE,TRUE,"AH_518_A7I_T:1;AH_518_A5_T:0.94;AH_518_A7II_T:1;AH_518_A6_T:1","BE-ve"
"AH_574_ARID1A_ARID1A_chr1","CCA","chr1","27023501","AH_574","ARID1A",1,TRUE,TRUE,"AH_574_6_T:1.02;AH_574_3_T:1.61;AH_574_5_T:0.46;AH_574_7_T:1.12;AH_574_4_T:0.5","BE-ve"
"ED_045_ARID1A_ARID1A_chr1","TTG","chr1","27105930","ED_045","ARID1A",1,TRUE,TRUE,"ED_045_P_T:1.55;ED_045_R_T:1.44;ED_045_N_T:2;ED_045_M_T:1","BE-ve"
"ED_051_NIPBL_NIPBL_chr5","TTA","chr5","36984973","ED_051","NIPBL",1,TRUE,TRUE,"ED_051_W_T:0.67;ED_051_JII_T:1.26","BE-ve"
"ED_139_TP53_TP53_chr17","CAGC","chr17","7579408","ED_139","TP53",5,TRUE,FALSE,"ED_139_UI_T:0.78;ED_139_N_T:0;ED_139_UII_T:0;ED_139_Q_T:0","BE-ve"
"NT_139_MUC6_MUC6_chr11","TGT","chr11","1017376","NT_139","MUC6",1,TRUE,TRUE,"NT_139_H4_T:0.4;NT_139_H6_T:0.32;NT_139_H5_T:1;NT_139_H8_T:0.49;NT_139_H7_T:0.62","BE-ve"
"NT_139_SMAD4_SMAD4_chr18","ATA","chr18","48584583","NT_139","SMAD4",7,TRUE,FALSE,"NT_139_H4_T:0;NT_139_H6_T:0.44;NT_139_H5_T:0;NT_139_H8_T:0;NT_139_H7_T:0","BE-ve"
"NT_171_CDKN1B_CDKN1B_chr12","CCT","chr12","12870793","NT_171","CDKN1B",1,TRUE,TRUE,"NT_171_7_T:1.78;NT_171_4_T:1.16;NT_171_6_T:1.58;NT_171_3_T:2;NT_171_8_T:1.56","BE-ve"
"NT_314_CDKN2A_CDKN2A_chr9","CCCCGCCTCCAGCAGCGC","chr9","21974722","NT_314","CDKN2A",1,TRUE,TRUE,"NT_314_10II_T:0.99;NT_314_11_T:1;NT_314_15BII_T:0.88;NT_314_12B_T:1;NT_314_10I_T:1;NT_314_13LII_T:1","BE-ve"
"NT_342_ELF3_ELF3_chr1","CCGAACT","chr1","201982404","NT_342","ELF3",7,TRUE,FALSE,"NT_342_9_T:0;NT_342_6_T:0.33;NT_342_7I_T:0;NT_342_5_T:0;NT_342_7II_T:0","BE-ve"
"NT_369_ARID2_ARID2_chr12","AAG","chr12","46245506","NT_369","ARID2",3,TRUE,FALSE,"NT_369_6II_T:0.15;NT_369_5_T:0.23;NT_369_8_T:0.25;NT_369_7_T:0.53;NT_369_6I_T:0.21","BE-ve"
"NT_369_NOTCH1_NOTCH1_chr9","TGTGGCTCGT","chr9","139393688","NT_369","NOTCH1",5,TRUE,FALSE,"NT_369_6II_T:0;NT_369_5_T:0;NT_369_8_T:0.27;NT_369_7_T:0;NT_369_6I_T:0","BE-ve"
"NT_369_TP53_TP53_chr17","TCT","chr17","7577136","NT_369","TP53",1,TRUE,TRUE,"NT_369_6II_T:0.77;NT_369_5_T:1;NT_369_8_T:1;NT_369_7_T:1;NT_369_6I_T:1","BE-ve"
"PL_020_DNAH7_DNAH7_chr2","TAACT","chr2","196726455","PL_020","DNAH7",4,TRUE,FALSE,"PL_020_13HI_T:0;PL_020_HII_T:0.52;PL_020_13F_T:0;PL_020_13E_T:0;PL_020_13C_T:0;PL_020_13G_T:0","BE-ve"
"PL_020_TP53_TP53_chr17","CCG","chr17","7579470","PL_020","TP53",1,TRUE,TRUE,"PL_020_13HI_T:0.72;PL_020_HII_T:0.85;PL_020_13F_T:0.63;PL_020_13E_T:0.97;PL_020_13C_T:0.91;PL_020_13G_T:0.41","BE-ve"
"PL_082_TP53_TP53_chr17","AAT","chr17","7577074","PL_082","TP53",1,TRUE,TRUE,"PL_082_15D_T:1;PL_082_15G_T:1;PL_082_15FII_T:1;PL_082_15FI_T:1;PL_082_15E_T:1","BE-ve"
"PL_196_MUC6_MUC6_chr11","CCCGTTTCCCTGCACACACTCGGCGTGCGAC","chr11","1033159","PL_196","MUC6",1,TRUE,TRUE,"PL_196_E_T:0.72;PL_196_H_T:1.07;PL_196_I_T:1.4;PL_196_D_T:1.53","BE-ve"
"SA_081_MUC6_MUC6_chr11","GGATAGGTAGTGGTGGTCTTG","chr11","1017993","SA_081","MUC6",1,TRUE,TRUE,"SA_081_4_T:0.92;SA_081_2_T:0.77;SA_081_8II_T:1.74;SA_081_8I_T:1.57;SA_081_6_T:0.77","BE-ve"
"SA_081_NAV3_NAV3_chr12","GAG","chr12","78513123","SA_081","NAV3",7,TRUE,FALSE,"SA_081_4_T:0;SA_081_2_T:0;SA_081_8II_T:0;SA_081_8I_T:0.23;SA_081_6_T:0","BE-ve"
"SH_159_TP53_TP53_chr17","TTGTGCTGTGACTGCTTGTA","chr17","7578425","SH_159","TP53",1,TRUE,TRUE,"SH_159_D_T:1;SH_159_E_T:1","BE-ve"
